﻿﻿insert into Role values ('Admin'), ('Expert'), ('Student');

insert into Account (accountID, email, password, emailVerify, role) values (1, 'anhnqhe151349@fpt.edu.vn', 'admin', 1, 1); --1
insert into Admin values (1, 'Admin', N'../BeDev/view/dist/images/avatar/user_avatar.png', '0964341019');

insert into Account (accountID, email, password, emailVerify, role) values (2, 'quangtxhe153654@fpt.edu.vn', 'expert', 1, 2); --2
insert into Expert values (2, 'Mr.A', N'../BeDev/view/dist/images/avatar/user_avatar.png', '0964341019', N'');

insert into Account values
(3, 'quangtranhhpt1@gmail.com','1',1,1,1) --3
insert into Account values
(4, 'quangtranhhpt2@gmail.com','1',1,2,1) --4
insert into Account values
(5,'quangtranhhpt3@gmail.com','1',1,2,1) --5
insert into Account values
(6, 'quangtranhhpt4@gmail.com','1',1,2,1) --6
insert into Account values
(7, 'quangtranhhpt5@gmail.com','1',1,2,1) --7
insert into Account values 
(8, 'quangtranhhpt6@gmail.com','1',1,2,1) --8
insert into Account values
(9, 'quangtranhhpt7@gmail.com','1',1,2,1) --9

insert into Account values
(10, 'quangtranhhpt8@gmail.com','1',1,3,1) --10
insert into Account values
(11, 'quangtranhhpt9@gmail.com','1',1,3,1) --11
insert into Account values
(12, 'quangtranhhpt10@gmail.com','1',1,3,1) --12
insert into Account values
(13, 'quangtranhhpt11@gmail.com','1',1,3,1) --13

insert into Student (studentID, name) values
(10,'Student 10')
insert into Student (studentID, name) values
(11,'Student 11')
insert into Student (studentID, name) values
(12,'Student 12')
insert into Student (studentID, name) values
(13,'Student 13')

insert into Expert (expertID, name, imageURL, phone, description)
values (8, 'Expert 1', '../BeDev/view/dist/images/avatar/user_avatar.png', '0964341019', ''),
(9, 'Expert 2', '../BeDev/view/dist/images/avatar/user_avatar.png', '0964341019', '')

insert into Expert values
(4,'WILLIAM P. ALFORD',
N'../BeDev/view/dist/images/avatar/user_avatar.png',
'0326736588',
'Professor Alford is the founding Chair of the Harvard Law School Project on Disability which provides pro bono services on issues of disability in China,
Bangladesh, the Philippines, Vietnam and several other nations. He is Lead Director and Chair of the Executive Committee of the Board of Directors of Special
Olympics International (which serves individuals with intellectual disabilities in more than 170 jurisdictions around the world)')


insert into Expert values
(5,'DEBORAH ANKER',
N'../BeDev/view/dist/images/avatar/user_avatar.png',
'0326736588',
'Deborah Anker is Clinical Professor of Law and Founder of the Harvard Law School Immigration and Refugee Clinical Program (HIRC).
She has taught law students at Harvard for over 30 years. 
Author of a leading treatise, Law of Asylum in the United States,
Anker has co-drafted ground-breaking gender asylum guidelines and amicus curiae briefs')


insert into Expert values
(6,'OREN BAR-GILL',
N'../BeDev/view/dist/images/avatar/user_avatar.png',
'0326736588',
'Bar-Gill is the recipient of the American Law Institute is Young Scholars Medal (in 2011), 
and of the American Law and Economics Review’s Best Paper Prize (2017). He serves (together with Omri Ben-Shahar and Florencia Marotta-Wurgler)
as Reporter for the Restatement of the Law, Consumer Contracts. Bar-Gill serves as Editor-in-Chief of the Journal of Legal Analysis.')


insert into Expert values
(7,'SABRINEH ARDALAN',
N'../BeDev/view/dist/images/avatar/user_avatar.png',
'0326736588',
'Sabrineh Ardalan is director of the Harvard Immigration and Refugee Clinical Program. At the clinic, 
Ardalan supervises and trains law students working on applications for asylum and other humanitarian protections, 
as well as appellate litigation and policy advocacy.')


insert into Category values
('Frontend'), ('Backend'),('Testing'),('Machine Learning'),('Mobile Application'),('Desktop Application'), ('Newbie')

insert into Course (courseName, description, courseImage, expertID, price) values
                            (N'Kiến Thức Nhập Môn IT',
                            N'Để có cái nhìn tổng quan về ngành IT - Lập trình web các bạn nên xem các videos tại khóa này trước nhé.', N'https://files.fullstack.edu.vn/f8-prod/courses/7.png', 5, 500000)
insert into Course (courseName, description, courseImage, expertID, price) values
                            (N'HTML, CSS từ Zero đến Hero',
                            N'Trong khóa này chúng ta sẽ cùng nhau xây dựng giao diện 2 trang web là The Band & Shopee.', N'https://files.fullstack.edu.vn/f8-prod/courses/2.png', 5, 500000)
insert into Course (courseName, description, courseImage, expertID, price) values
                            (N'Responsive Với Grid System',
                            N'Trong khóa này chúng ta sẽ học về cách xây dựng giao diện web responsive với Grid System, tương tự Bootstrap 4.', N'https://files.fullstack.edu.vn/f8-prod/courses/3.png', 5, 500000)
insert into Course (courseName, description, courseImage, expertID, price) values
                            (N'Lập Trình JavaScript Cơ Bản',
                            N'Học Javascript cơ bản phù hợp cho người chưa từng học lập trình. Với hơn 100 bài học và có bài tập thực hành sau mỗi bài học.', N'https://files.fullstack.edu.vn/f8-prod/courses/1.png', 5, 500000)
insert into Course (courseName, description, courseImage, expertID, price) values
                            (N'Lập Trình JavaScript Nâng Cao',
                            N'Hiểu sâu hơn về cách Javascript hoạt động, tìm hiểu về IIFE, closure, reference types, this keyword, bind, call, apply, prototype, ...', N'https://files.fullstack.edu.vn/f8-prod/courses/12.png', 5, 500000)
insert into Course (courseName, description, courseImage, expertID, price) values
                            (N'Làm việc với Terminal & Ubuntu',
                            N'Sở hữu một Terminal hiện đại, mạnh mẽ trong tùy biến và học cách làm việc với Ubuntu là một bước quan trọng trên con đường trở thành một Web Developer.', N'https://files.fullstack.edu.vn/f8-prod/courses/14/624faac11d109.png', 5, 500000)
insert into Course (courseName, description, courseImage, expertID, price) values
                            (N'Xây Dựng Website với ReactJS',
                            N'Khóa học ReactJS từ cơ bản tới nâng cao, kết quả của khóa học này là bạn có thể làm hầu hết các dự án thường gặp với ReactJS. Cuối khóa học này bạn sẽ sở hữu một dự án giống Tiktok.com, bạn có thể tự tin đi xin việc khi nắm chắc các kiến thức được chia sẻ trong khóa học này.', N'https://files.fullstack.edu.vn/f8-prod/courses/13/13.png', 2, 500000)
insert into Course (courseName, description, courseImage, expertID, price) values
                            (N'Node & ExpressJS',
                            N'Học Back-end với Node & ExpressJS framework, hiểu các khái niệm khi làm Back-end và xây dựng RESTful API cho trang web.', N'https://files.fullstack.edu.vn/f8-prod/courses/6.png', 5, 500000)


insert into Enroll(courseID,studentID) values
(1,10),(1,11),(1,12),(1,13),(2,10),(2,11),(2,12),(2,13),(3,10),(3,11),(3,12),(3,13),(4,11),(5,12),(5,13),(5,10),(5,11),(6,12)

insert into Course_Category (courseID, categoryID) values
(1,7),(2,1),(3,1),(4,1),(5,1),(6,7),(7,1),(8,2)

insert into Transaction_History (courseID, amount, studentID) values
(1, 500000,10),(1,500000,11),(1,500000,12),(1,500000,13),(2,500000,10),(2,500000,11),(2,500000,12),
(2,500000,13),(3,500000,10),(3,200000,11),(3,200000,12),(3,200000,13),(4,200000,11),(5,200000,12),(5,200000,13),(5,200000,10),(5,200000,11),(6,200000,12)


insert into Chapter (chapterName, courseID, position) values (N'Khái niệm kỹ thuật cần biết', 1, 1)
insert into Lesson (lessonName, chapterID, videoUrl, content, position) values (N'Mô hình Client - Server là gì?', 1, N'https://www.youtube.com/watch?v=M62l1xA5Eu8', N'', 1)
insert into Lesson (lessonName, chapterID, videoUrl, content, position) values (N'Domain là gì? Tên miền là gì?', 1, N'https://www.youtube.com/watch?v=M62l1xA5Eu8', N'', 2)
insert into Chapter (chapterName, courseID, position) values (N'Môi trường, con người IT', 1, 2)
insert into Lesson (lessonName, chapterID, videoUrl, content, position) values (N'Học IT cần tố chất gì? Góc nhìn khác từ chuyên gia định hướng giáo dục', 2, N'https://www.youtube.com/watch?v=M62l1xA5Eu8', N'', 1)
insert into Lesson (lessonName, chapterID, videoUrl, content, position) values (N'Sinh viên IT đi thực tập tại doanh nghiệp cần biết những gì?', 2, N'https://www.youtube.com/watch?v=M62l1xA5Eu8', N'', 2)
insert into Lesson (lessonName, chapterID, videoUrl, content, position) values (N'Trải nghiệm thực tế sau 2 tháng làm việc tại doanh nghiệp của học viên F8?', 2, N'https://www.youtube.com/watch?v=M62l1xA5Eu8', N'', 3)
insert into Chapter (chapterName, courseID, position) values (N'Phương pháp, định hướng', 1, 3)
insert into Lesson (lessonName, chapterID, videoUrl, content, position) values (N'Phương pháp học lập trình của Admin F8?', 3, N'https://www.youtube.com/watch?v=M62l1xA5Eu8', N'', 1)
insert into Lesson (lessonName, chapterID, videoUrl, content, position) values (N'Làm sao để có thu nhập cao và đi xa hơn trong ngành IT?', 3, N'https://www.youtube.com/watch?v=M62l1xA5Eu8', N'', 2)
insert into Lesson (lessonName, chapterID, videoUrl, content, position) values (N'8 lời khuyên giúp học lập trình tại F8 hiệu quả hơn!', 3, N'https://www.youtube.com/watch?v=M62l1xA5Eu8', N'', 3)
insert into Lesson (lessonName, chapterID, videoUrl, content, position) values (N'Tại sao nên học trên website này hơn là học trên Youtube?', 3, N'https://www.youtube.com/watch?v=M62l1xA5Eu8', N'', 4)
insert into Chapter (chapterName, courseID, position) values (N'Hoàn thành khóa học', 1, 4)
insert into Chapter (chapterName, courseID, position) values (N'Bắt đầu', 2, 1)
insert into Lesson (lessonName, chapterID, videoUrl, content, position) values (N'Bạn sẽ làm được gì sau khóa học?', 5, N'https://www.youtube.com/watch?v=R6plN3FvzFY', N'', 1)
insert into Lesson (lessonName, chapterID, videoUrl, content, position) values (N'Tìm hiểu về HTML, CSS', 5, N'https://www.youtube.com/watch?v=R6plN3FvzFY', N'', 2)
insert into Lesson (lessonName, chapterID, videoUrl, content, position) values (N'Làm quen với Dev tools', 5, N'https://www.youtube.com/watch?v=R6plN3FvzFY', N'', 3)
insert into Lesson (lessonName, chapterID, videoUrl, content, position) values (N'Cài đặt VS Code, Page Ruler extension', 5, N'https://www.youtube.com/watch?v=R6plN3FvzFY', N'', 4)
insert into Chapter (chapterName, courseID, position) values (N'Làm quen với HTML', 2, 2)
insert into Lesson (lessonName, chapterID, videoUrl, content, position) values (N'Cấu trúc của 1 file HTML', 6, N'https://www.youtube.com/watch?v=R6plN3FvzFY', N'', 1)
insert into Lesson (lessonName, chapterID, videoUrl, content, position) values (N'Comments trong HTML', 6, N'https://www.youtube.com/watch?v=R6plN3FvzFY', N'', 2)
insert into Lesson (lessonName, chapterID, videoUrl, content, position) values (N'Các thẻ HTML thông dụng', 6, N'https://www.youtube.com/watch?v=R6plN3FvzFY', N'', 3)
insert into Lesson (lessonName, chapterID, videoUrl, content, position) values (N'Attribute trong HTML là gì?', 6, N'https://www.youtube.com/watch?v=R6plN3FvzFY', N'', 4)
insert into Lesson (lessonName, chapterID, videoUrl, content, position) values (N'Cách quản lý thư mục dự án', 6, N'https://www.youtube.com/watch?v=R6plN3FvzFY', N'', 5)
insert into Chapter (chapterName, courseID, position) values (N'Làm quen với CSS', 2, 3)
insert into Lesson (lessonName, chapterID, videoUrl, content, position) values (N'Sử dụng CSS trong HTML', 7, N'https://www.youtube.com/watch?v=R6plN3FvzFY', N'', 1)
insert into Lesson (lessonName, chapterID, videoUrl, content, position) values (N'ID và Class', 7, N'https://www.youtube.com/watch?v=R6plN3FvzFY', N'', 2)
insert into Lesson (lessonName, chapterID, videoUrl, content, position) values (N'Độ ưu tiên trong CSS', 7, N'https://www.youtube.com/watch?v=R6plN3FvzFY', N'', 3)
insert into Lesson (lessonName, chapterID, videoUrl, content, position) values (N'Sử dụng biến trong CSS', 7, N'https://www.youtube.com/watch?v=R6plN3FvzFY', N'', 4)
insert into Lesson (lessonName, chapterID, videoUrl, content, position) values (N'Các đơn vị trong CSS', 7, N'https://www.youtube.com/watch?v=R6plN3FvzFY', N'', 5)
insert into Lesson (lessonName, chapterID, videoUrl, content, position) values (N'Một số hàm trong CSS', 7, N'https://www.youtube.com/watch?v=R6plN3FvzFY', N'', 6)
insert into Lesson (lessonName, chapterID, videoUrl, content, position) values (N'Pseudo classes trong CSS', 7, N'https://www.youtube.com/watch?v=R6plN3FvzFY', N'', 7)
insert into Lesson (lessonName, chapterID, videoUrl, content, position) values (N'Pseudo elements trong CSS', 7, N'https://www.youtube.com/watch?v=R6plN3FvzFY', N'', 8)
insert into Chapter (chapterName, courseID, position) values (N'Đệm, viền và khoảng lề', 2, 4)
insert into Lesson (lessonName, chapterID, videoUrl, content, position) values (N'Thuộc tính padding (đệm)', 8, N'https://www.youtube.com/watch?v=R6plN3FvzFY', N'', 1)
insert into Lesson (lessonName, chapterID, videoUrl, content, position) values (N'Thuộc tính border (đường viền)', 8, N'https://www.youtube.com/watch?v=R6plN3FvzFY', N'', 2)
insert into Lesson (lessonName, chapterID, videoUrl, content, position) values (N'Thuộc tính margin (khoảng cách lề)', 8, N'https://www.youtube.com/watch?v=R6plN3FvzFY', N'', 3)
insert into Lesson (lessonName, chapterID, videoUrl, content, position) values (N'Thuộc tính box-sizing', 8, N'https://www.youtube.com/watch?v=R6plN3FvzFY', N'', 4)
insert into Chapter (chapterName, courseID, position) values (N'Thuộc tính tạo nền', 2, 5)
insert into Lesson (lessonName, chapterID, videoUrl, content, position) values (N'Thuộc tính background-image', 9, N'https://www.youtube.com/watch?v=R6plN3FvzFY', N'', 1)
insert into Lesson (lessonName, chapterID, videoUrl, content, position) values (N'Thuộc tính background-size với cover, contain', 9, N'https://www.youtube.com/watch?v=R6plN3FvzFY', N'', 2)
insert into Lesson (lessonName, chapterID, videoUrl, content, position) values (N'Thuộc tính background-origin', 9, N'https://www.youtube.com/watch?v=R6plN3FvzFY', N'', 3)
insert into Lesson (lessonName, chapterID, videoUrl, content, position) values (N'Thuộc tính background-position', 9, N'https://www.youtube.com/watch?v=R6plN3FvzFY', N'', 4)
insert into Lesson (lessonName, chapterID, videoUrl, content, position) values (N'Cú pháp "shorthand" cho background', 9, N'https://www.youtube.com/watch?v=R6plN3FvzFY', N'', 5)
insert into Chapter (chapterName, courseID, position) values (N'Thuộc tính vị trí', 2, 6)
insert into Lesson (lessonName, chapterID, videoUrl, content, position) values (N'CSS position relative', 10, N'https://www.youtube.com/watch?v=R6plN3FvzFY', N'', 1)
insert into Lesson (lessonName, chapterID, videoUrl, content, position) values (N'CSS position absolute', 10, N'https://www.youtube.com/watch?v=R6plN3FvzFY', N'', 2)
insert into Lesson (lessonName, chapterID, videoUrl, content, position) values (N'CSS position fixed', 10, N'https://www.youtube.com/watch?v=R6plN3FvzFY', N'', 3)
insert into Lesson (lessonName, chapterID, videoUrl, content, position) values (N'CSS position sticky', 10, N'https://www.youtube.com/watch?v=R6plN3FvzFY', N'', 4)
insert into Chapter (chapterName, courseID, position) values (N'Một số tricks và tips', 2, 7)
insert into Lesson (lessonName, chapterID, videoUrl, content, position) values (N'Các cách căn giữa trong CSS', 11, N'https://www.youtube.com/watch?v=R6plN3FvzFY', N'', 1)
insert into Lesson (lessonName, chapterID, videoUrl, content, position) values (N'Hiển thị ảnh dự phòng khi ảnh chính lỗi', 11, N'https://www.youtube.com/watch?v=R6plN3FvzFY', N'', 2)
insert into Chapter (chapterName, courseID, position) values (N'Xây dựng web The band', 2, 8)
insert into Lesson (lessonName, chapterID, videoUrl, content, position) values (N'Giới thiệu dự án', 12, N'https://www.youtube.com/watch?v=R6plN3FvzFY', N'', 1)
insert into Lesson (lessonName, chapterID, videoUrl, content, position) values (N'Phân biệt & gọi tên các thành phần', 12, N'https://www.youtube.com/watch?v=R6plN3FvzFY', N'', 2)
insert into Lesson (lessonName, chapterID, videoUrl, content, position) values (N'Phân tích dự án', 12, N'https://www.youtube.com/watch?v=R6plN3FvzFY', N'', 3)
insert into Lesson (lessonName, chapterID, videoUrl, content, position) values (N'Tạo project base', 12, N'https://www.youtube.com/watch?v=R6plN3FvzFY', N'', 4)
insert into Lesson (lessonName, chapterID, videoUrl, content, position) values (N'Header CSS', 12, N'https://www.youtube.com/watch?v=R6plN3FvzFY', N'', 5)
insert into Lesson (lessonName, chapterID, videoUrl, content, position) values (N'Navigation CSS', 12, N'https://www.youtube.com/watch?v=R6plN3FvzFY', N'', 6)
insert into Lesson (lessonName, chapterID, videoUrl, content, position) values (N'Header search CSS', 12, N'https://www.youtube.com/watch?v=R6plN3FvzFY', N'', 7)
insert into Lesson (lessonName, chapterID, videoUrl, content, position) values (N'Header fixed CSS', 12, N'https://www.youtube.com/watch?v=R6plN3FvzFY', N'', 8)
insert into Lesson (lessonName, chapterID, videoUrl, content, position) values (N'Slider CSS', 12, N'https://www.youtube.com/watch?v=R6plN3FvzFY', N'', 9)
insert into Lesson (lessonName, chapterID, videoUrl, content, position) values (N'About section CSS', 12, N'https://www.youtube.com/watch?v=R6plN3FvzFY', N'', 10)
insert into Lesson (lessonName, chapterID, videoUrl, content, position) values (N'Team section CSS', 12, N'https://www.youtube.com/watch?v=R6plN3FvzFY', N'', 11)
insert into Lesson (lessonName, chapterID, videoUrl, content, position) values (N'Tour tickets CSS', 12, N'https://www.youtube.com/watch?v=R6plN3FvzFY', N'', 12)
insert into Lesson (lessonName, chapterID, videoUrl, content, position) values (N'Tour places CSS', 12, N'https://www.youtube.com/watch?v=R6plN3FvzFY', N'', 13)
insert into Lesson (lessonName, chapterID, videoUrl, content, position) values (N'Buy tickets modal', 12, N'https://www.youtube.com/watch?v=R6plN3FvzFY', N'', 14)
insert into Lesson (lessonName, chapterID, videoUrl, content, position) values (N'Buy tickets modal Javascript logic', 12, N'https://www.youtube.com/watch?v=R6plN3FvzFY', N'', 15)
insert into Lesson (lessonName, chapterID, videoUrl, content, position) values (N'Row - columns layout', 12, N'https://www.youtube.com/watch?v=R6plN3FvzFY', N'', 16)
insert into Lesson (lessonName, chapterID, videoUrl, content, position) values (N'Contact form CSS', 12, N'https://www.youtube.com/watch?v=R6plN3FvzFY', N'', 17)
insert into Lesson (lessonName, chapterID, videoUrl, content, position) values (N'Map, footer CSS', 12, N'https://www.youtube.com/watch?v=R6plN3FvzFY', N'', 18)
insert into Lesson (lessonName, chapterID, videoUrl, content, position) values (N'Review', 12, N'https://www.youtube.com/watch?v=R6plN3FvzFY', N'', 19)
insert into Chapter (chapterName, courseID, position) values (N'Responsive web The band', 2, 9)
insert into Lesson (lessonName, chapterID, videoUrl, content, position) values (N'Responsive là gì?', 13, N'https://www.youtube.com/watch?v=R6plN3FvzFY', N'', 1)
insert into Lesson (lessonName, chapterID, videoUrl, content, position) values (N'Media queries?', 13, N'https://www.youtube.com/watch?v=R6plN3FvzFY', N'', 2)
insert into Lesson (lessonName, chapterID, videoUrl, content, position) values (N'Tablet responsive', 13, N'https://www.youtube.com/watch?v=R6plN3FvzFY', N'', 3)
insert into Lesson (lessonName, chapterID, videoUrl, content, position) values (N'Mobile menu responsive', 13, N'https://www.youtube.com/watch?v=R6plN3FvzFY', N'', 4)
insert into Lesson (lessonName, chapterID, videoUrl, content, position) values (N'Mobile menu fix bug', 13, N'https://www.youtube.com/watch?v=R6plN3FvzFY', N'', 5)
insert into Lesson (lessonName, chapterID, videoUrl, content, position) values (N'Mobile submenu fix bug', 13, N'https://www.youtube.com/watch?v=R6plN3FvzFY', N'', 6)
insert into Lesson (lessonName, chapterID, videoUrl, content, position) values (N'Content responsive', 13, N'https://www.youtube.com/watch?v=R6plN3FvzFY', N'', 7)
insert into Lesson (lessonName, chapterID, videoUrl, content, position) values (N'Contact form responsive', 13, N'https://www.youtube.com/watch?v=R6plN3FvzFY', N'', 8)
insert into Lesson (lessonName, chapterID, videoUrl, content, position) values (N'Review, fix UX', 13, N'https://www.youtube.com/watch?v=R6plN3FvzFY', N'', 9)
insert into Lesson (lessonName, chapterID, videoUrl, content, position) values (N'Run and fix bug on mobile', 13, N'https://www.youtube.com/watch?v=R6plN3FvzFY', N'', 10)
insert into Lesson (lessonName, chapterID, videoUrl, content, position) values (N'Fix bugs', 13, N'https://www.youtube.com/watch?v=R6plN3FvzFY', N'', 11)
insert into Chapter (chapterName, courseID, position) values (N'Dựng bố cục web với Flexbox', 2, 10)
insert into Lesson (lessonName, chapterID, videoUrl, content, position) values (N'Giới thiệu Flexbox', 14, N'https://www.youtube.com/watch?v=R6plN3FvzFY', N'', 1)
insert into Lesson (lessonName, chapterID, videoUrl, content, position) values (N'Thuộc tính CSS trong Flexbox', 14, N'https://www.youtube.com/watch?v=R6plN3FvzFY', N'', 2)
insert into Lesson (lessonName, chapterID, videoUrl, content, position) values (N'Học Flexbox qua ví dụ', 14, N'https://www.youtube.com/watch?v=R6plN3FvzFY', N'', 3)
insert into Lesson (lessonName, chapterID, videoUrl, content, position) values (N'Để học Flexbox tốt hơn bạn nên xem video này', 14, N'https://www.youtube.com/watch?v=R6plN3FvzFY', N'', 4)
insert into Chapter (chapterName, courseID, position) values (N'Quy ước đặt tên class BEM', 2, 11)
insert into Lesson (lessonName, chapterID, videoUrl, content, position) values (N'BEM là gì?', 15, N'https://www.youtube.com/watch?v=R6plN3FvzFY', N'', 1)
insert into Lesson (lessonName, chapterID, videoUrl, content, position) values (N'Thực hành BEM - Level 1', 15, N'https://www.youtube.com/watch?v=R6plN3FvzFY', N'', 2)
insert into Lesson (lessonName, chapterID, videoUrl, content, position) values (N'Bài thực hành Level 2', 15, N'https://www.youtube.com/watch?v=R6plN3FvzFY', N'', 3)
insert into Lesson (lessonName, chapterID, videoUrl, content, position) values (N'Đặt tên class khi Block lồng nhau', 15, N'https://www.youtube.com/watch?v=R6plN3FvzFY', N'', 4)
insert into Chapter (chapterName, courseID, position) values (N'Xây dựng web Shopee', 2, 12)
insert into Lesson (lessonName, chapterID, videoUrl, content, position) values (N'Dựng base source', 16, N'https://www.youtube.com/watch?v=R6plN3FvzFY', N'', 1)
insert into Lesson (lessonName, chapterID, videoUrl, content, position) values (N'Reset CSS', 16, N'https://www.youtube.com/watch?v=R6plN3FvzFY', N'', 2)
insert into Lesson (lessonName, chapterID, videoUrl, content, position) values (N'Dựng base CSS', 16, N'https://www.youtube.com/watch?v=R6plN3FvzFY', N'', 3)
insert into Lesson (lessonName, chapterID, videoUrl, content, position) values (N'Dựng khung web', 16, N'https://www.youtube.com/watch?v=R6plN3FvzFY', N'', 4)
insert into Lesson (lessonName, chapterID, videoUrl, content, position) values (N'Navbar CSS', 16, N'https://www.youtube.com/watch?v=R6plN3FvzFY', N'', 5)
insert into Lesson (lessonName, chapterID, videoUrl, content, position) values (N'Nhúng Font-Icons', 16, N'https://www.youtube.com/watch?v=R6plN3FvzFY', N'', 6)
insert into Lesson (lessonName, chapterID, videoUrl, content, position) values (N'Icons CSS', 16, N'https://www.youtube.com/watch?v=R6plN3FvzFY', N'', 7)
insert into Lesson (lessonName, chapterID, videoUrl, content, position) values (N'Header QR code CSS', 16, N'https://www.youtube.com/watch?v=R6plN3FvzFY', N'', 8)
insert into Lesson (lessonName, chapterID, videoUrl, content, position) values (N'Header notification CSS - Phần 1', 16, N'https://www.youtube.com/watch?v=R6plN3FvzFY', N'', 9)
insert into Lesson (lessonName, chapterID, videoUrl, content, position) values (N'Header notification CSS - Phần 2', 16, N'https://www.youtube.com/watch?v=R6plN3FvzFY', N'', 10)
insert into Lesson (lessonName, chapterID, videoUrl, content, position) values (N'Header notification CSS - Phần 3', 16, N'https://www.youtube.com/watch?v=R6plN3FvzFY', N'', 11)
insert into Lesson (lessonName, chapterID, videoUrl, content, position) values (N'Header notification CSS - Phần 4', 16, N'https://www.youtube.com/watch?v=R6plN3FvzFY', N'', 12)
insert into Lesson (lessonName, chapterID, videoUrl, content, position) values (N'Base modal', 16, N'https://www.youtube.com/watch?v=R6plN3FvzFY', N'', 13)
insert into Lesson (lessonName, chapterID, videoUrl, content, position) values (N'Dựng khung form đăng ký', 16, N'https://www.youtube.com/watch?v=R6plN3FvzFY', N'', 14)
insert into Lesson (lessonName, chapterID, videoUrl, content, position) values (N'CSS form đăng ký', 16, N'https://www.youtube.com/watch?v=R6plN3FvzFY', N'', 15)
insert into Lesson (lessonName, chapterID, videoUrl, content, position) values (N'CSS form đăng ký - Phần 2', 16, N'https://www.youtube.com/watch?v=R6plN3FvzFY', N'', 16)
insert into Lesson (lessonName, chapterID, videoUrl, content, position) values (N'CSS form đăng nhập', 16, N'https://www.youtube.com/watch?v=R6plN3FvzFY', N'', 17)
insert into Lesson (lessonName, chapterID, videoUrl, content, position) values (N'Modal animation', 16, N'https://www.youtube.com/watch?v=R6plN3FvzFY', N'', 18)
insert into Lesson (lessonName, chapterID, videoUrl, content, position) values (N'Dựng khung phần tìm kiếm', 16, N'https://www.youtube.com/watch?v=R6plN3FvzFY', N'', 19)
insert into Lesson (lessonName, chapterID, videoUrl, content, position) values (N'Header tìm kiếm CSS', 16, N'https://www.youtube.com/watch?v=R6plN3FvzFY', N'', 20)
insert into Lesson (lessonName, chapterID, videoUrl, content, position) values (N'Lịch sử tìm kiếm CSS', 16, N'https://www.youtube.com/watch?v=R6plN3FvzFY', N'', 21)
insert into Lesson (lessonName, chapterID, videoUrl, content, position) values (N'Header giỏ hàng trống CSS', 16, N'https://www.youtube.com/watch?v=R6plN3FvzFY', N'', 22)
insert into Lesson (lessonName, chapterID, videoUrl, content, position) values (N'Header cart badge', 16, N'https://www.youtube.com/watch?v=R6plN3FvzFY', N'', 23)
insert into Lesson (lessonName, chapterID, videoUrl, content, position) values (N'Header cart - List products', 16, N'https://www.youtube.com/watch?v=R6plN3FvzFY', N'', 24)
insert into Lesson (lessonName, chapterID, videoUrl, content, position) values (N'Header user info', 16, N'https://www.youtube.com/watch?v=R6plN3FvzFY', N'', 25)
insert into Lesson (lessonName, chapterID, videoUrl, content, position) values (N'Header fix UI bugs', 16, N'https://www.youtube.com/watch?v=R6plN3FvzFY', N'', 26)
insert into Lesson (lessonName, chapterID, videoUrl, content, position) values (N'Danh mục: Dựng khung', 16, N'https://www.youtube.com/watch?v=R6plN3FvzFY', N'', 27)
insert into Lesson (lessonName, chapterID, videoUrl, content, position) values (N'Danh mục: Base responsive', 16, N'https://www.youtube.com/watch?v=R6plN3FvzFY', N'', 28)
insert into Lesson (lessonName, chapterID, videoUrl, content, position) values (N'Danh mục CSS', 16, N'https://www.youtube.com/watch?v=R6plN3FvzFY', N'', 29)
insert into Lesson (lessonName, chapterID, videoUrl, content, position) values (N'Dựng khung: Sắp xếp sản phẩm', 16, N'https://www.youtube.com/watch?v=R6plN3FvzFY', N'', 30)
insert into Lesson (lessonName, chapterID, videoUrl, content, position) values (N'CSS: Sắp xếp sản phẩm', 16, N'https://www.youtube.com/watch?v=R6plN3FvzFY', N'', 31)
insert into Lesson (lessonName, chapterID, videoUrl, content, position) values (N'Dựng khung sản phẩm', 16, N'https://www.youtube.com/watch?v=R6plN3FvzFY', N'', 32)
insert into Lesson (lessonName, chapterID, videoUrl, content, position) values (N'Sản phẩm CSS', 16, N'https://www.youtube.com/watch?v=R6plN3FvzFY', N'', 33)
insert into Lesson (lessonName, chapterID, videoUrl, content, position) values (N'Sản phẩm CSS - Phần 2', 16, N'https://www.youtube.com/watch?v=R6plN3FvzFY', N'', 34)
insert into Lesson (lessonName, chapterID, videoUrl, content, position) values (N'Sản phẩm CSS - Phần 3', 16, N'https://www.youtube.com/watch?v=R6plN3FvzFY', N'', 35)
insert into Lesson (lessonName, chapterID, videoUrl, content, position) values (N'Sản phẩm: CSS nhãn yêu thích', 16, N'https://www.youtube.com/watch?v=R6plN3FvzFY', N'', 36)
insert into Lesson (lessonName, chapterID, videoUrl, content, position) values (N'Sản phẩm: CSS nhãn giảm giá', 16, N'https://www.youtube.com/watch?v=R6plN3FvzFY', N'', 37)
insert into Lesson (lessonName, chapterID, videoUrl, content, position) values (N'Hoàn thiện phần sản phẩm', 16, N'https://www.youtube.com/watch?v=R6plN3FvzFY', N'', 38)
insert into Lesson (lessonName, chapterID, videoUrl, content, position) values (N'Fix UI bugs - Phần 2', 16, N'https://www.youtube.com/watch?v=R6plN3FvzFY', N'', 39)
insert into Lesson (lessonName, chapterID, videoUrl, content, position) values (N'Pagination UI', 16, N'https://www.youtube.com/watch?v=R6plN3FvzFY', N'', 40)
insert into Lesson (lessonName, chapterID, videoUrl, content, position) values (N'Dựng khung Footer', 16, N'https://www.youtube.com/watch?v=R6plN3FvzFY', N'', 41)
insert into Lesson (lessonName, chapterID, videoUrl, content, position) values (N'Footer CSS', 16, N'https://www.youtube.com/watch?v=R6plN3FvzFY', N'', 42)
insert into Lesson (lessonName, chapterID, videoUrl, content, position) values (N'Tự bay với đôi cánh của bạn', 16, N'https://www.youtube.com/watch?v=R6plN3FvzFY', N'', 43)
insert into Chapter (chapterName, courseID, position) values (N'Hoàn thành khóa học', 2, 13)
insert into Chapter (chapterName, courseID, position) values (N'Bắt đầu', 3, 1)
insert into Lesson (lessonName, chapterID, videoUrl, content, position) values (N'Responsive là gì?', 18, N'https://www.youtube.com/watch?v=uz5LIP85J5Y', N'', 1)
insert into Lesson (lessonName, chapterID, videoUrl, content, position) values (N'Chúng ta sẽ làm gì?', 18, N'https://www.youtube.com/watch?v=uz5LIP85J5Y', N'', 2)
insert into Lesson (lessonName, chapterID, videoUrl, content, position) values (N'Chuẩn bị công cụ làm việc', 18, N'https://www.youtube.com/watch?v=uz5LIP85J5Y', N'', 3)
insert into Chapter (chapterName, courseID, position) values (N'Viewport, @media, breakpoint', 3, 2)
insert into Lesson (lessonName, chapterID, videoUrl, content, position) values (N'Khái niệm Viewport', 19, N'https://www.youtube.com/watch?v=uz5LIP85J5Y', N'', 1)
insert into Lesson (lessonName, chapterID, videoUrl, content, position) values (N'Media query (@media)', 19, N'https://www.youtube.com/watch?v=uz5LIP85J5Y', N'', 2)
insert into Lesson (lessonName, chapterID, videoUrl, content, position) values (N'Khái niệm Breakpoints?', 19, N'https://www.youtube.com/watch?v=uz5LIP85J5Y', N'', 3)
insert into Lesson (lessonName, chapterID, videoUrl, content, position) values (N'Media queries: Px, rem hay em?', 19, N'https://www.youtube.com/watch?v=uz5LIP85J5Y', N'', 4)
insert into Chapter (chapterName, courseID, position) values (N'Thực hành nhỏ', 3, 3)
insert into Lesson (lessonName, chapterID, videoUrl, content, position) values (N'Học responsive qua thực hành', 20, N'https://www.youtube.com/watch?v=uz5LIP85J5Y', N'', 1)
insert into Lesson (lessonName, chapterID, videoUrl, content, position) values (N'Responsive navigation bar', 20, N'https://www.youtube.com/watch?v=uz5LIP85J5Y', N'', 2)
insert into Chapter (chapterName, courseID, position) values (N'Grid system', 3, 4)
insert into Lesson (lessonName, chapterID, videoUrl, content, position) values (N'Hệ thống lưới (Grid system)', 21, N'https://www.youtube.com/watch?v=uz5LIP85J5Y', N'', 1)
insert into Lesson (lessonName, chapterID, videoUrl, content, position) values (N'Grid system - Phần 2', 21, N'https://www.youtube.com/watch?v=uz5LIP85J5Y', N'', 2)
insert into Lesson (lessonName, chapterID, videoUrl, content, position) values (N'Tạo thư viện?', 21, N'https://www.youtube.com/watch?v=uz5LIP85J5Y', N'', 3)
insert into Lesson (lessonName, chapterID, videoUrl, content, position) values (N'Tạo đối tượng Grid', 21, N'https://www.youtube.com/watch?v=uz5LIP85J5Y', N'', 4)
insert into Lesson (lessonName, chapterID, videoUrl, content, position) values (N'Tạo đối tượng Row', 21, N'https://www.youtube.com/watch?v=uz5LIP85J5Y', N'', 5)
insert into Lesson (lessonName, chapterID, videoUrl, content, position) values (N'Tạo đối tượng Column', 21, N'https://www.youtube.com/watch?v=uz5LIP85J5Y', N'', 6)
insert into Lesson (lessonName, chapterID, videoUrl, content, position) values (N'Column offset', 21, N'https://www.youtube.com/watch?v=uz5LIP85J5Y', N'', 7)
insert into Lesson (lessonName, chapterID, videoUrl, content, position) values (N'No gutters', 21, N'https://www.youtube.com/watch?v=uz5LIP85J5Y', N'', 8)
insert into Chapter (chapterName, courseID, position) values (N'Áp dụng vào thực tế', 3, 5)
insert into Lesson (lessonName, chapterID, videoUrl, content, position) values (N'Giới thiệu chương', 22, N'https://www.youtube.com/watch?v=uz5LIP85J5Y', N'', 1)
insert into Lesson (lessonName, chapterID, videoUrl, content, position) values (N'Sử dụng với các website khác', 22, N'https://www.youtube.com/watch?v=uz5LIP85J5Y', N'', 2)
insert into Lesson (lessonName, chapterID, videoUrl, content, position) values (N'Ví dụ dựng layout - Level 1', 22, N'https://www.youtube.com/watch?v=uz5LIP85J5Y', N'', 3)
insert into Lesson (lessonName, chapterID, videoUrl, content, position) values (N'Ví dụ dựng layout - Level 2', 22, N'https://www.youtube.com/watch?v=uz5LIP85J5Y', N'', 4)
insert into Lesson (lessonName, chapterID, videoUrl, content, position) values (N'Ví dụ dựng layout - Level 3', 22, N'https://www.youtube.com/watch?v=uz5LIP85J5Y', N'', 5)
insert into Chapter (chapterName, courseID, position) values (N'Responsive web Shopee', 3, 6)
insert into Lesson (lessonName, chapterID, videoUrl, content, position) values (N'Những lưu ý', 23, N'https://www.youtube.com/watch?v=uz5LIP85J5Y', N'', 1)
insert into Lesson (lessonName, chapterID, videoUrl, content, position) values (N'Công tác chuẩn bị', 23, N'https://www.youtube.com/watch?v=uz5LIP85J5Y', N'', 2)
insert into Lesson (lessonName, chapterID, videoUrl, content, position) values (N'Header search', 23, N'https://www.youtube.com/watch?v=uz5LIP85J5Y', N'', 3)
insert into Lesson (lessonName, chapterID, videoUrl, content, position) values (N'Cart responsive', 23, N'https://www.youtube.com/watch?v=uz5LIP85J5Y', N'', 4)
insert into Lesson (lessonName, chapterID, videoUrl, content, position) values (N'Header sort bar', 23, N'https://www.youtube.com/watch?v=uz5LIP85J5Y', N'', 5)
insert into Lesson (lessonName, chapterID, videoUrl, content, position) values (N'Header search', 23, N'https://www.youtube.com/watch?v=uz5LIP85J5Y', N'', 6)
insert into Lesson (lessonName, chapterID, videoUrl, content, position) values (N'Category product', 23, N'https://www.youtube.com/watch?v=uz5LIP85J5Y', N'', 7)
insert into Lesson (lessonName, chapterID, videoUrl, content, position) values (N'Mobile / tablet category', 23, N'https://www.youtube.com/watch?v=uz5LIP85J5Y', N'', 8)
insert into Lesson (lessonName, chapterID, videoUrl, content, position) values (N'Sửa vài lỗi', 23, N'https://www.youtube.com/watch?v=uz5LIP85J5Y', N'', 9)
insert into Lesson (lessonName, chapterID, videoUrl, content, position) values (N'Mobile footer', 23, N'https://www.youtube.com/watch?v=uz5LIP85J5Y', N'', 10)
insert into Lesson (lessonName, chapterID, videoUrl, content, position) values (N'Truy cập từ điện thoại', 23, N'https://www.youtube.com/watch?v=uz5LIP85J5Y', N'', 11)
insert into Lesson (lessonName, chapterID, videoUrl, content, position) values (N'Sửa vài lỗi - 2', 23, N'https://www.youtube.com/watch?v=uz5LIP85J5Y', N'', 12)
insert into Chapter (chapterName, courseID, position) values (N'Ứng tuyển xin việc làm', 3, 7)
insert into Chapter (chapterName, courseID, position) values (N'Giới thiệu', 4, 1)
insert into Lesson (lessonName, chapterID, videoUrl, content, position) values (N'Lời khuyên trước khóa học', 25, N'https://www.youtube.com/watch?v=0SJE9dYdpps', N'', 1)
insert into Lesson (lessonName, chapterID, videoUrl, content, position) values (N'Cài đặt môi trường', 25, N'https://www.youtube.com/watch?v=0SJE9dYdpps', N'', 2)
insert into Chapter (chapterName, courseID, position) values (N'Biến, comments, built-in', 4, 2)
insert into Lesson (lessonName, chapterID, videoUrl, content, position) values (N'Sử dụng JavaScript với HTML', 26, N'https://www.youtube.com/watch?v=0SJE9dYdpps', N'', 1)
insert into Lesson (lessonName, chapterID, videoUrl, content, position) values (N'Khái niệm biến và cách sử dụng', 26, N'https://www.youtube.com/watch?v=0SJE9dYdpps', N'', 2)
insert into Lesson (lessonName, chapterID, videoUrl, content, position) values (N'Cú pháp comments là gì?', 26, N'https://www.youtube.com/watch?v=0SJE9dYdpps', N'', 3)
insert into Lesson (lessonName, chapterID, videoUrl, content, position) values (N'Thuật ngữ Built-in là gì?', 26, N'https://www.youtube.com/watch?v=0SJE9dYdpps', N'', 4)
insert into Chapter (chapterName, courseID, position) values (N'Toán tử, kiểu dữ liệu', 4, 3)
insert into Lesson (lessonName, chapterID, videoUrl, content, position) values (N'Làm quen với toán tử', 27, N'https://www.youtube.com/watch?v=0SJE9dYdpps', N'', 1)
insert into Lesson (lessonName, chapterID, videoUrl, content, position) values (N'Toán tử số học', 27, N'https://www.youtube.com/watch?v=0SJE9dYdpps', N'', 2)
insert into Lesson (lessonName, chapterID, videoUrl, content, position) values (N'Toán tử gán', 27, N'https://www.youtube.com/watch?v=0SJE9dYdpps', N'', 3)
insert into Lesson (lessonName, chapterID, videoUrl, content, position) values (N'Nguyên lý hoạt động của ++ / --', 27, N'https://www.youtube.com/watch?v=0SJE9dYdpps', N'', 4)
insert into Lesson (lessonName, chapterID, videoUrl, content, position) values (N'Toán tử nối chuỗi', 27, N'https://www.youtube.com/watch?v=0SJE9dYdpps', N'', 5)
insert into Lesson (lessonName, chapterID, videoUrl, content, position) values (N'Toán tử so sánh', 27, N'https://www.youtube.com/watch?v=0SJE9dYdpps', N'', 6)
insert into Lesson (lessonName, chapterID, videoUrl, content, position) values (N'Kiểu dữ liệu Boolean', 27, N'https://www.youtube.com/watch?v=0SJE9dYdpps', N'', 7)
insert into Lesson (lessonName, chapterID, videoUrl, content, position) values (N'Câu lệnh điều kiện If', 27, N'https://www.youtube.com/watch?v=0SJE9dYdpps', N'', 8)
insert into Lesson (lessonName, chapterID, videoUrl, content, position) values (N'Toán tử logical', 27, N'https://www.youtube.com/watch?v=0SJE9dYdpps', N'', 9)
insert into Lesson (lessonName, chapterID, videoUrl, content, position) values (N'Kiểu dữ liệu', 27, N'https://www.youtube.com/watch?v=0SJE9dYdpps', N'', 10)
insert into Lesson (lessonName, chapterID, videoUrl, content, position) values (N'Toán tử so sánh II', 27, N'https://www.youtube.com/watch?v=0SJE9dYdpps', N'', 11)
insert into Lesson (lessonName, chapterID, videoUrl, content, position) values (N'Toán tử logical và câu lệnh điều kiện If', 27, N'https://www.youtube.com/watch?v=0SJE9dYdpps', N'', 12)
insert into Chapter (chapterName, courseID, position) values (N'Làm việc với hàm', 4, 4)
insert into Lesson (lessonName, chapterID, videoUrl, content, position) values (N'Khái niệm hàm (function)', 28, N'https://www.youtube.com/watch?v=0SJE9dYdpps', N'', 1)
insert into Lesson (lessonName, chapterID, videoUrl, content, position) values (N'Tham số trong hàm', 28, N'https://www.youtube.com/watch?v=0SJE9dYdpps', N'', 2)
insert into Lesson (lessonName, chapterID, videoUrl, content, position) values (N'Từ khóa return trong hàm', 28, N'https://www.youtube.com/watch?v=0SJE9dYdpps', N'', 3)
insert into Lesson (lessonName, chapterID, videoUrl, content, position) values (N'Hiểu hơn về hàm', 28, N'https://www.youtube.com/watch?v=0SJE9dYdpps', N'', 4)
insert into Lesson (lessonName, chapterID, videoUrl, content, position) values (N'Các loại hàm', 28, N'https://www.youtube.com/watch?v=0SJE9dYdpps', N'', 5)
insert into Chapter (chapterName, courseID, position) values (N'Làm việc với chuỗi', 4, 5)
insert into Lesson (lessonName, chapterID, videoUrl, content, position) values (N'Kiểu dữ liệu chuỗi (string)', 29, N'https://www.youtube.com/watch?v=0SJE9dYdpps', N'', 1)
insert into Lesson (lessonName, chapterID, videoUrl, content, position) values (N'Làm việc với chuỗi', 29, N'https://www.youtube.com/watch?v=0SJE9dYdpps', N'', 2)
insert into Chapter (chapterName, courseID, position) values (N'Làm việc với số', 4, 6)
insert into Lesson (lessonName, chapterID, videoUrl, content, position) values (N'Số và làm việc với số', 30, N'https://www.youtube.com/watch?v=0SJE9dYdpps', N'', 1)
insert into Chapter (chapterName, courseID, position) values (N'Làm việc với mảng', 4, 7)
insert into Lesson (lessonName, chapterID, videoUrl, content, position) values (N'Mảng (array)', 31, N'https://www.youtube.com/watch?v=0SJE9dYdpps', N'', 1)
insert into Lesson (lessonName, chapterID, videoUrl, content, position) values (N'Làm việc với mảng', 31, N'https://www.youtube.com/watch?v=0SJE9dYdpps', N'', 2)
insert into Chapter (chapterName, courseID, position) values (N'Làm việc với object', 4, 8)
insert into Lesson (lessonName, chapterID, videoUrl, content, position) values (N'Object là gì?', 32, N'https://www.youtube.com/watch?v=0SJE9dYdpps', N'', 1)
insert into Lesson (lessonName, chapterID, videoUrl, content, position) values (N'Object constructor', 32, N'https://www.youtube.com/watch?v=0SJE9dYdpps', N'', 2)
insert into Lesson (lessonName, chapterID, videoUrl, content, position) values (N'Object prototype', 32, N'https://www.youtube.com/watch?v=0SJE9dYdpps', N'', 3)
insert into Lesson (lessonName, chapterID, videoUrl, content, position) values (N'Đối tượng Date', 32, N'https://www.youtube.com/watch?v=0SJE9dYdpps', N'', 4)
insert into Lesson (lessonName, chapterID, videoUrl, content, position) values (N'Math object', 32, N'https://www.youtube.com/watch?v=0SJE9dYdpps', N'', 5)
insert into Chapter (chapterName, courseID, position) values (N'Lệnh rẽ nhánh, toán tử 3 ngôi', 4, 9)
insert into Lesson (lessonName, chapterID, videoUrl, content, position) values (N'Lệnh rẽ nhánh If else', 33, N'https://www.youtube.com/watch?v=0SJE9dYdpps', N'', 1)
insert into Lesson (lessonName, chapterID, videoUrl, content, position) values (N'Lệnh rẽ nhánh Switch', 33, N'https://www.youtube.com/watch?v=0SJE9dYdpps', N'', 2)
insert into Lesson (lessonName, chapterID, videoUrl, content, position) values (N'Toán tử 3 ngôi (Ternary operator)', 33, N'https://www.youtube.com/watch?v=0SJE9dYdpps', N'', 3)
insert into Chapter (chapterName, courseID, position) values (N'Vòng lặp', 4, 10)
insert into Lesson (lessonName, chapterID, videoUrl, content, position) values (N'Giới thiệu vòng lặp', 34, N'https://www.youtube.com/watch?v=0SJE9dYdpps', N'', 1)
insert into Lesson (lessonName, chapterID, videoUrl, content, position) values (N'Vòng lặp For', 34, N'https://www.youtube.com/watch?v=0SJE9dYdpps', N'', 2)
insert into Lesson (lessonName, chapterID, videoUrl, content, position) values (N'Vòng lặp For - Phần 2', 34, N'https://www.youtube.com/watch?v=0SJE9dYdpps', N'', 3)
insert into Lesson (lessonName, chapterID, videoUrl, content, position) values (N'Vòng lặp For - Phần 3', 34, N'https://www.youtube.com/watch?v=0SJE9dYdpps', N'', 4)
insert into Lesson (lessonName, chapterID, videoUrl, content, position) values (N'Vòng lặp for...in', 34, N'https://www.youtube.com/watch?v=0SJE9dYdpps', N'', 5)
insert into Lesson (lessonName, chapterID, videoUrl, content, position) values (N'Vòng lặp for...of', 34, N'https://www.youtube.com/watch?v=0SJE9dYdpps', N'', 6)
insert into Lesson (lessonName, chapterID, videoUrl, content, position) values (N'Vòng lặp While', 34, N'https://www.youtube.com/watch?v=0SJE9dYdpps', N'', 7)
insert into Lesson (lessonName, chapterID, videoUrl, content, position) values (N'Vòng lặp do...while', 34, N'https://www.youtube.com/watch?v=0SJE9dYdpps', N'', 8)
insert into Lesson (lessonName, chapterID, videoUrl, content, position) values (N'Break và Continue trong vòng lặp', 34, N'https://www.youtube.com/watch?v=0SJE9dYdpps', N'', 9)
insert into Lesson (lessonName, chapterID, videoUrl, content, position) values (N'Vòng lặp lồng nhau (Nested loop)', 34, N'https://www.youtube.com/watch?v=0SJE9dYdpps', N'', 10)
insert into Lesson (lessonName, chapterID, videoUrl, content, position) values (N'Thêm ví dụ về vòng lặp', 34, N'https://www.youtube.com/watch?v=0SJE9dYdpps', N'', 11)
insert into Lesson (lessonName, chapterID, videoUrl, content, position) values (N'Đệ quy là gì? Học về đệ quy!', 34, N'https://www.youtube.com/watch?v=0SJE9dYdpps', N'', 12)
insert into Chapter (chapterName, courseID, position) values (N'Làm việc với mảng II', 4, 11)
insert into Lesson (lessonName, chapterID, videoUrl, content, position) values (N'Làm việc với mảng - Phần 2', 35, N'https://www.youtube.com/watch?v=0SJE9dYdpps', N'', 1)
insert into Lesson (lessonName, chapterID, videoUrl, content, position) values (N'Array map() method', 35, N'https://www.youtube.com/watch?v=0SJE9dYdpps', N'', 2)
insert into Lesson (lessonName, chapterID, videoUrl, content, position) values (N'Array reduce() method', 35, N'https://www.youtube.com/watch?v=0SJE9dYdpps', N'', 3)
insert into Lesson (lessonName, chapterID, videoUrl, content, position) values (N'Ví dụ: Array reduce() method', 35, N'https://www.youtube.com/watch?v=0SJE9dYdpps', N'', 4)
insert into Lesson (lessonName, chapterID, videoUrl, content, position) values (N'Phương thức reduce có logic như thế nào?', 35, N'https://www.youtube.com/watch?v=0SJE9dYdpps', N'', 5)
insert into Lesson (lessonName, chapterID, videoUrl, content, position) values (N'String/Array includes() method', 35, N'https://www.youtube.com/watch?v=0SJE9dYdpps', N'', 6)
insert into Chapter (chapterName, courseID, position) values (N'Callback', 4, 12)
insert into Lesson (lessonName, chapterID, videoUrl, content, position) values (N'Callback?', 36, N'https://www.youtube.com/watch?v=0SJE9dYdpps', N'', 1)
insert into Lesson (lessonName, chapterID, videoUrl, content, position) values (N'Callback - Phần 2', 36, N'https://www.youtube.com/watch?v=0SJE9dYdpps', N'', 2)
insert into Lesson (lessonName, chapterID, videoUrl, content, position) values (N'Empty elements of array?', 36, N'https://www.youtube.com/watch?v=0SJE9dYdpps', N'', 3)
insert into Lesson (lessonName, chapterID, videoUrl, content, position) values (N'My forEach() method', 36, N'https://www.youtube.com/watch?v=0SJE9dYdpps', N'', 4)
insert into Lesson (lessonName, chapterID, videoUrl, content, position) values (N'My filter() method', 36, N'https://www.youtube.com/watch?v=0SJE9dYdpps', N'', 5)
insert into Lesson (lessonName, chapterID, videoUrl, content, position) values (N'My some() method', 36, N'https://www.youtube.com/watch?v=0SJE9dYdpps', N'', 6)
insert into Lesson (lessonName, chapterID, videoUrl, content, position) values (N'My every() method', 36, N'https://www.youtube.com/watch?v=0SJE9dYdpps', N'', 7)
insert into Chapter (chapterName, courseID, position) values (N'HTML DOM', 4, 13)
insert into Lesson (lessonName, chapterID, videoUrl, content, position) values (N'HTML DOM là gì?', 37, N'https://www.youtube.com/watch?v=0SJE9dYdpps', N'', 1)
insert into Lesson (lessonName, chapterID, videoUrl, content, position) values (N'HTML DOM vs DOM API', 37, N'https://www.youtube.com/watch?v=0SJE9dYdpps', N'', 2)
insert into Lesson (lessonName, chapterID, videoUrl, content, position) values (N'Document object', 37, N'https://www.youtube.com/watch?v=0SJE9dYdpps', N'', 3)
insert into Lesson (lessonName, chapterID, videoUrl, content, position) values (N'Get element methods', 37, N'https://www.youtube.com/watch?v=0SJE9dYdpps', N'', 4)
insert into Lesson (lessonName, chapterID, videoUrl, content, position) values (N'Get element methods - 2', 37, N'https://www.youtube.com/watch?v=0SJE9dYdpps', N'', 5)
insert into Lesson (lessonName, chapterID, videoUrl, content, position) values (N'Get element methods - 3', 37, N'https://www.youtube.com/watch?v=0SJE9dYdpps', N'', 6)
insert into Lesson (lessonName, chapterID, videoUrl, content, position) values (N'Attribute node & Text node', 37, N'https://www.youtube.com/watch?v=0SJE9dYdpps', N'', 7)
insert into Lesson (lessonName, chapterID, videoUrl, content, position) values (N'DOM attribute', 37, N'https://www.youtube.com/watch?v=0SJE9dYdpps', N'', 8)
insert into Lesson (lessonName, chapterID, videoUrl, content, position) values (N'InnerText vs textContent Property', 37, N'https://www.youtube.com/watch?v=0SJE9dYdpps', N'', 9)
insert into Lesson (lessonName, chapterID, videoUrl, content, position) values (N'InnerHTML vs OuterHTML Property', 37, N'https://www.youtube.com/watch?v=0SJE9dYdpps', N'', 10)
insert into Lesson (lessonName, chapterID, videoUrl, content, position) values (N'Node properties', 37, N'https://www.youtube.com/watch?v=0SJE9dYdpps', N'', 11)
insert into Lesson (lessonName, chapterID, videoUrl, content, position) values (N'DOM CSS', 37, N'https://www.youtube.com/watch?v=0SJE9dYdpps', N'', 12)
insert into Lesson (lessonName, chapterID, videoUrl, content, position) values (N'ClassList Property', 37, N'https://www.youtube.com/watch?v=0SJE9dYdpps', N'', 13)
insert into Lesson (lessonName, chapterID, videoUrl, content, position) values (N'DOM events', 37, N'https://www.youtube.com/watch?v=0SJE9dYdpps', N'', 14)
insert into Lesson (lessonName, chapterID, videoUrl, content, position) values (N'DOM events example', 37, N'https://www.youtube.com/watch?v=0SJE9dYdpps', N'', 15)
insert into Lesson (lessonName, chapterID, videoUrl, content, position) values (N'PreventDefault and StopPropagation', 37, N'https://www.youtube.com/watch?v=0SJE9dYdpps', N'', 16)
insert into Lesson (lessonName, chapterID, videoUrl, content, position) values (N'Event listener', 37, N'https://www.youtube.com/watch?v=0SJE9dYdpps', N'', 17)
insert into Chapter (chapterName, courseID, position) values (N'JSON, Fetch, Postman', 4, 14)
insert into Lesson (lessonName, chapterID, videoUrl, content, position) values (N'JSON là gì?', 38, N'https://www.youtube.com/watch?v=0SJE9dYdpps', N'', 1)
insert into Lesson (lessonName, chapterID, videoUrl, content, position) values (N'Promise (sync, async)', 38, N'https://www.youtube.com/watch?v=0SJE9dYdpps', N'', 2)
insert into Lesson (lessonName, chapterID, videoUrl, content, position) values (N'Promise (pain)', 38, N'https://www.youtube.com/watch?v=0SJE9dYdpps', N'', 3)
insert into Lesson (lessonName, chapterID, videoUrl, content, position) values (N'Promise (concept)', 38, N'https://www.youtube.com/watch?v=0SJE9dYdpps', N'', 4)
insert into Lesson (lessonName, chapterID, videoUrl, content, position) values (N'Promise (chain)', 38, N'https://www.youtube.com/watch?v=0SJE9dYdpps', N'', 5)
insert into Lesson (lessonName, chapterID, videoUrl, content, position) values (N'Promise methods (resolve, reject, all)', 38, N'https://www.youtube.com/watch?v=0SJE9dYdpps', N'', 6)
insert into Lesson (lessonName, chapterID, videoUrl, content, position) values (N'Promise example', 38, N'https://www.youtube.com/watch?v=0SJE9dYdpps', N'', 7)
insert into Lesson (lessonName, chapterID, videoUrl, content, position) values (N'Fetch', 38, N'https://www.youtube.com/watch?v=0SJE9dYdpps', N'', 8)
insert into Lesson (lessonName, chapterID, videoUrl, content, position) values (N'JSON server', 38, N'https://www.youtube.com/watch?v=0SJE9dYdpps', N'', 9)
insert into Lesson (lessonName, chapterID, videoUrl, content, position) values (N'Sử dụng Postman làm việc với REST API', 38, N'https://www.youtube.com/watch?v=0SJE9dYdpps', N'', 10)
insert into Lesson (lessonName, chapterID, videoUrl, content, position) values (N'Thêm/sửa/xóa khóa học với Fetch và REST API', 38, N'https://www.youtube.com/watch?v=0SJE9dYdpps', N'', 11)
insert into Chapter (chapterName, courseID, position) values (N'ECMAScript 6+', 4, 15)
insert into Lesson (lessonName, chapterID, videoUrl, content, position) values (N'ECMAScript 6 là gì?', 39, N'https://www.youtube.com/watch?v=0SJE9dYdpps', N'', 1)
insert into Lesson (lessonName, chapterID, videoUrl, content, position) values (N'Let & Const', 39, N'https://www.youtube.com/watch?v=0SJE9dYdpps', N'', 2)
insert into Lesson (lessonName, chapterID, videoUrl, content, position) values (N'Template literals', 39, N'https://www.youtube.com/watch?v=0SJE9dYdpps', N'', 3)
insert into Lesson (lessonName, chapterID, videoUrl, content, position) values (N'Arrow function', 39, N'https://www.youtube.com/watch?v=0SJE9dYdpps', N'', 4)
insert into Lesson (lessonName, chapterID, videoUrl, content, position) values (N'Classes', 39, N'https://www.youtube.com/watch?v=0SJE9dYdpps', N'', 5)
insert into Lesson (lessonName, chapterID, videoUrl, content, position) values (N'Default parameter values', 39, N'https://www.youtube.com/watch?v=0SJE9dYdpps', N'', 6)
insert into Lesson (lessonName, chapterID, videoUrl, content, position) values (N'Enhanced object literals', 39, N'https://www.youtube.com/watch?v=0SJE9dYdpps', N'', 7)
insert into Lesson (lessonName, chapterID, videoUrl, content, position) values (N'Destructuring, Rest', 39, N'https://www.youtube.com/watch?v=0SJE9dYdpps', N'', 8)
insert into Lesson (lessonName, chapterID, videoUrl, content, position) values (N'Spread', 39, N'https://www.youtube.com/watch?v=0SJE9dYdpps', N'', 9)
insert into Lesson (lessonName, chapterID, videoUrl, content, position) values (N'Tagged template literals', 39, N'https://www.youtube.com/watch?v=0SJE9dYdpps', N'', 10)
insert into Lesson (lessonName, chapterID, videoUrl, content, position) values (N'Modules', 39, N'https://www.youtube.com/watch?v=0SJE9dYdpps', N'', 11)
insert into Lesson (lessonName, chapterID, videoUrl, content, position) values (N'Optional chaining (?.)', 39, N'https://www.youtube.com/watch?v=0SJE9dYdpps', N'', 12)
insert into Chapter (chapterName, courseID, position) values (N'Các bài thực hành', 4, 16)
insert into Lesson (lessonName, chapterID, videoUrl, content, position) values (N'Xây dựng Tabs UI', 40, N'https://www.youtube.com/watch?v=0SJE9dYdpps', N'', 1)
insert into Lesson (lessonName, chapterID, videoUrl, content, position) values (N'Code Music Player', 40, N'https://www.youtube.com/watch?v=0SJE9dYdpps', N'', 2)
insert into Lesson (lessonName, chapterID, videoUrl, content, position) values (N'Cách làm Toast Message', 40, N'https://www.youtube.com/watch?v=0SJE9dYdpps', N'', 3)
insert into Chapter (chapterName, courseID, position) values (N'Form validation I', 4, 17)
insert into Lesson (lessonName, chapterID, videoUrl, content, position) values (N'Xử lý báo lỗi cơ bản', 41, N'https://www.youtube.com/watch?v=0SJE9dYdpps', N'', 1)
insert into Lesson (lessonName, chapterID, videoUrl, content, position) values (N'Thêm rules, xử lý submit form', 41, N'https://www.youtube.com/watch?v=0SJE9dYdpps', N'', 2)
insert into Lesson (lessonName, chapterID, videoUrl, content, position) values (N'Review, sửa một số lỗi', 41, N'https://www.youtube.com/watch?v=0SJE9dYdpps', N'', 3)
insert into Lesson (lessonName, chapterID, videoUrl, content, position) values (N'Xử lý lấy dữ liệu radio, checkbox', 41, N'https://www.youtube.com/watch?v=0SJE9dYdpps', N'', 4)
insert into Lesson (lessonName, chapterID, videoUrl, content, position) values (N'Thành quả chúng ta đạt được', 41, N'https://www.youtube.com/watch?v=0SJE9dYdpps', N'', 5)
insert into Chapter (chapterName, courseID, position) values (N'Form validation II', 4, 18)
insert into Lesson (lessonName, chapterID, videoUrl, content, position) values (N'Phân tích cách triển khai logic', 42, N'https://www.youtube.com/watch?v=0SJE9dYdpps', N'', 1)
insert into Lesson (lessonName, chapterID, videoUrl, content, position) values (N'Sửa lỗi, xử lý submit form', 42, N'https://www.youtube.com/watch?v=0SJE9dYdpps', N'', 2)
insert into Chapter (chapterName, courseID, position) values (N'Tham khảo thêm', 4, 19)
insert into Lesson (lessonName, chapterID, videoUrl, content, position) values (N'Polyfill là gì? Khi nào cần sử dụng?', 43, N'https://www.youtube.com/watch?v=0SJE9dYdpps', N'', 1)
insert into Chapter (chapterName, courseID, position) values (N'Hoàn thành khóa học', 4, 20)
insert into Chapter (chapterName, courseID, position) values (N'IIFE, Scope, Closure', 5, 1)
insert into Lesson (lessonName, chapterID, videoUrl, content, position) values (N'Giới thiệu', 45, N'https://www.youtube.com/watch?v=MGhw6XliFgo', N'', 1)
insert into Lesson (lessonName, chapterID, videoUrl, content, position) values (N'IIFE là gì?', 45, N'https://www.youtube.com/watch?v=MGhw6XliFgo', N'', 2)
insert into Lesson (lessonName, chapterID, videoUrl, content, position) values (N'Scope là gì?', 45, N'https://www.youtube.com/watch?v=MGhw6XliFgo', N'', 3)
insert into Lesson (lessonName, chapterID, videoUrl, content, position) values (N'Khái niệm Closure?', 45, N'https://www.youtube.com/watch?v=MGhw6XliFgo', N'', 4)
insert into Chapter (chapterName, courseID, position) values (N'Hoisting, Strict Mode, Data Types', 5, 2)
insert into Lesson (lessonName, chapterID, videoUrl, content, position) values (N'Hoisting là gì?', 46, N'https://www.youtube.com/watch?v=MGhw6XliFgo', N'', 1)
insert into Lesson (lessonName, chapterID, videoUrl, content, position) values (N'Strict mode?', 46, N'https://www.youtube.com/watch?v=MGhw6XliFgo', N'', 2)
insert into Lesson (lessonName, chapterID, videoUrl, content, position) values (N'Primitive Types & Reference Types', 46, N'https://www.youtube.com/watch?v=MGhw6XliFgo', N'', 3)
insert into Chapter (chapterName, courseID, position) values (N'This, Bind, Call, Apply', 5, 3)
insert into Lesson (lessonName, chapterID, videoUrl, content, position) values (N'Từ khóa "this"?', 47, N'https://www.youtube.com/watch?v=MGhw6XliFgo', N'', 1)
insert into Lesson (lessonName, chapterID, videoUrl, content, position) values (N'Fn.bind() method - Phần 1', 47, N'https://www.youtube.com/watch?v=MGhw6XliFgo', N'', 2)
insert into Lesson (lessonName, chapterID, videoUrl, content, position) values (N'Fn.bind() method - Phần 2', 47, N'https://www.youtube.com/watch?v=MGhw6XliFgo', N'', 3)
insert into Lesson (lessonName, chapterID, videoUrl, content, position) values (N'Fn.call() method', 47, N'https://www.youtube.com/watch?v=MGhw6XliFgo', N'', 4)
insert into Lesson (lessonName, chapterID, videoUrl, content, position) values (N'Fn.apply() method', 47, N'https://www.youtube.com/watch?v=MGhw6XliFgo', N'', 5)
insert into Chapter (chapterName, courseID, position) values (N'Các bài thực hành', 5, 4)
insert into Lesson (lessonName, chapterID, videoUrl, content, position) values (N'Tự code thư viện build UI', 48, N'https://www.youtube.com/watch?v=MGhw6XliFgo', N'', 1)
insert into Lesson (lessonName, chapterID, videoUrl, content, position) values (N'Code ứng dụng Todo List', 48, N'https://www.youtube.com/watch?v=MGhw6XliFgo', N'', 2)
insert into Chapter (chapterName, courseID, position) values (N'Vừa giải trí vừa học', 5, 5)
insert into Lesson (lessonName, chapterID, videoUrl, content, position) values (N'"Code Thiếu Nhi Battle" Tranh Giành Trà Sữa Size L', 49, N'https://www.youtube.com/watch?v=MGhw6XliFgo', N'', 1)
insert into Lesson (lessonName, chapterID, videoUrl, content, position) values (N'"Học Xong" Javascript Có Giải Được "Code Thiếu Nhi"?', 49, N'https://www.youtube.com/watch?v=MGhw6XliFgo', N'', 2)
insert into Chapter (chapterName, courseID, position) values (N'Hoàn thành khóa học', 5, 6)
insert into Chapter (chapterName, courseID, position) values (N'Giới thiệu', 6, 1)
insert into Lesson (lessonName, chapterID, videoUrl, content, position) values (N'Giới thiệu Windows Terminal & WSL', 51, N'https://www.youtube.com/watch?v=7ppRSaGT1uw', N'', 1)
insert into Chapter (chapterName, courseID, position) values (N'Windows Terminal & WSL', 6, 2)
insert into Lesson (lessonName, chapterID, videoUrl, content, position) values (N'Cài đặt Windows Terminal', 52, N'https://www.youtube.com/watch?v=7ppRSaGT1uw', N'', 1)
insert into Lesson (lessonName, chapterID, videoUrl, content, position) values (N'Cài Đặt Ubuntu với WSL 1', 52, N'https://www.youtube.com/watch?v=7ppRSaGT1uw', N'', 2)
insert into Lesson (lessonName, chapterID, videoUrl, content, position) values (N'Update, Upgrade Packages', 52, N'https://www.youtube.com/watch?v=7ppRSaGT1uw', N'', 3)
insert into Chapter (chapterName, courseID, position) values (N'Các lệnh Linux cơ bản', 6, 3)
insert into Lesson (lessonName, chapterID, videoUrl, content, position) values (N'Lệnh ls, cd, clear', 53, N'https://www.youtube.com/watch?v=7ppRSaGT1uw', N'', 1)
insert into Lesson (lessonName, chapterID, videoUrl, content, position) values (N'Lệnh mkdir, touch, vi', 53, N'https://www.youtube.com/watch?v=7ppRSaGT1uw', N'', 2)
insert into Lesson (lessonName, chapterID, videoUrl, content, position) values (N'Lệnh cat, echo, tail, grep', 53, N'https://www.youtube.com/watch?v=7ppRSaGT1uw', N'', 3)
insert into Lesson (lessonName, chapterID, videoUrl, content, position) values (N'Lệnh cp, mv, rm, rmdir', 53, N'https://www.youtube.com/watch?v=7ppRSaGT1uw', N'', 4)
insert into Lesson (lessonName, chapterID, videoUrl, content, position) values (N'Lệnh sudo, chmod, chown', 53, N'https://www.youtube.com/watch?v=7ppRSaGT1uw', N'', 5)
insert into Lesson (lessonName, chapterID, videoUrl, content, position) values (N'Lệnh man, wget, apt', 53, N'https://www.youtube.com/watch?v=7ppRSaGT1uw', N'', 6)
insert into Lesson (lessonName, chapterID, videoUrl, content, position) values (N'Lệnh kill, ping, uname, passwd', 53, N'https://www.youtube.com/watch?v=7ppRSaGT1uw', N'', 7)
insert into Lesson (lessonName, chapterID, videoUrl, content, position) values (N'Lệnh top, df, free', 53, N'https://www.youtube.com/watch?v=7ppRSaGT1uw', N'', 8)
insert into Lesson (lessonName, chapterID, videoUrl, content, position) values (N'Các mẹo khi gõ lệnh', 53, N'https://www.youtube.com/watch?v=7ppRSaGT1uw', N'', 9)
insert into Chapter (chapterName, courseID, position) values (N'Chạy dự án React, Node, Laravel', 6, 4)
insert into Lesson (lessonName, chapterID, videoUrl, content, position) values (N'Cài đặt NodeJS trên Ubuntu', 54, N'https://www.youtube.com/watch?v=7ppRSaGT1uw', N'', 1)
insert into Lesson (lessonName, chapterID, videoUrl, content, position) values (N'Chạy dự án ReactJS', 54, N'https://www.youtube.com/watch?v=7ppRSaGT1uw', N'', 2)
insert into Lesson (lessonName, chapterID, videoUrl, content, position) values (N'Chạy dự án ExpressJS', 54, N'https://www.youtube.com/watch?v=7ppRSaGT1uw', N'', 3)
insert into Lesson (lessonName, chapterID, videoUrl, content, position) values (N'Cài đặt PHP 8 và Composer', 54, N'https://www.youtube.com/watch?v=7ppRSaGT1uw', N'', 4)
insert into Lesson (lessonName, chapterID, videoUrl, content, position) values (N'Chạy dự án Laravel trên Ubuntu', 54, N'https://www.youtube.com/watch?v=7ppRSaGT1uw', N'', 5)
insert into Chapter (chapterName, courseID, position) values (N'Deploy dự án với Server thật', 6, 5)
insert into Lesson (lessonName, chapterID, videoUrl, content, position) values (N'SSH vào Server thật', 55, N'https://www.youtube.com/watch?v=7ppRSaGT1uw', N'', 1)
insert into Lesson (lessonName, chapterID, videoUrl, content, position) values (N'Mua tên miền và trỏ về IP Server', 55, N'https://www.youtube.com/watch?v=7ppRSaGT1uw', N'', 2)
insert into Lesson (lessonName, chapterID, videoUrl, content, position) values (N'Thêm người dùng trên Linux', 55, N'https://www.youtube.com/watch?v=7ppRSaGT1uw', N'', 3)
insert into Lesson (lessonName, chapterID, videoUrl, content, position) values (N'Deploy dự án HTML với Nginx', 55, N'https://www.youtube.com/watch?v=7ppRSaGT1uw', N'', 4)
insert into Lesson (lessonName, chapterID, videoUrl, content, position) values (N'Upload source code với Filezilla', 55, N'https://www.youtube.com/watch?v=7ppRSaGT1uw', N'', 5)
insert into Lesson (lessonName, chapterID, videoUrl, content, position) values (N'Hướng dẫn cấu hình Subdomain', 55, N'https://www.youtube.com/watch?v=7ppRSaGT1uw', N'', 6)
insert into Lesson (lessonName, chapterID, videoUrl, content, position) values (N'Hướng dẫn sử dụng Cloudflare #1', 55, N'https://www.youtube.com/watch?v=7ppRSaGT1uw', N'', 7)
insert into Lesson (lessonName, chapterID, videoUrl, content, position) values (N'Hướng dẫn sử dụng Cloudflare #2', 55, N'https://www.youtube.com/watch?v=7ppRSaGT1uw', N'', 8)
insert into Lesson (lessonName, chapterID, videoUrl, content, position) values (N'Sử dụng TLS Free của Cloudflare', 55, N'https://www.youtube.com/watch?v=7ppRSaGT1uw', N'', 9)
insert into Lesson (lessonName, chapterID, videoUrl, content, position) values (N'Hướng dẫn deploy dự án ReactJS', 55, N'https://www.youtube.com/watch?v=7ppRSaGT1uw', N'', 10)
insert into Chapter (chapterName, courseID, position) values (N'Hoàn thành khóa học', 6, 6)
insert into Chapter (chapterName, courseID, position) values (N'Giới thiệu', 7, 1)
insert into Lesson (lessonName, chapterID, videoUrl, content, position) values (N'ReactJS là gì? Tại sao nên học ReactJS?', 57, N'https://www.youtube.com/watch?v=x0fSBAgBrOQ', N'', 1)
insert into Lesson (lessonName, chapterID, videoUrl, content, position) values (N'SPA/MPA là gì?', 57, N'https://www.youtube.com/watch?v=x0fSBAgBrOQ', N'', 2)
insert into Chapter (chapterName, courseID, position) values (N'Ôn lại ES6+', 7, 2)
insert into Lesson (lessonName, chapterID, videoUrl, content, position) values (N'Arrow function', 58, N'https://www.youtube.com/watch?v=x0fSBAgBrOQ', N'', 1)
insert into Lesson (lessonName, chapterID, videoUrl, content, position) values (N'Enhanced object literals', 58, N'https://www.youtube.com/watch?v=x0fSBAgBrOQ', N'', 2)
insert into Lesson (lessonName, chapterID, videoUrl, content, position) values (N'Destructuring, Rest', 58, N'https://www.youtube.com/watch?v=x0fSBAgBrOQ', N'', 3)
insert into Lesson (lessonName, chapterID, videoUrl, content, position) values (N'Spread operator', 58, N'https://www.youtube.com/watch?v=x0fSBAgBrOQ', N'', 4)
insert into Lesson (lessonName, chapterID, videoUrl, content, position) values (N'JS modules', 58, N'https://www.youtube.com/watch?v=x0fSBAgBrOQ', N'', 5)
insert into Chapter (chapterName, courseID, position) values (N'React, ReactDOM', 7, 3)
insert into Lesson (lessonName, chapterID, videoUrl, content, position) values (N'document.createElement() để làm gì?', 59, N'https://www.youtube.com/watch?v=x0fSBAgBrOQ', N'', 1)
insert into Lesson (lessonName, chapterID, videoUrl, content, position) values (N'Lưu ý: React đã có phiên bản 18', 59, N'https://www.youtube.com/watch?v=x0fSBAgBrOQ', N'', 2)
insert into Lesson (lessonName, chapterID, videoUrl, content, position) values (N'Cách thêm React vào Website', 59, N'https://www.youtube.com/watch?v=x0fSBAgBrOQ', N'', 3)
insert into Lesson (lessonName, chapterID, videoUrl, content, position) values (N'React.createElement() nữa là sao?', 59, N'https://www.youtube.com/watch?v=x0fSBAgBrOQ', N'', 4)
insert into Lesson (lessonName, chapterID, videoUrl, content, position) values (N'ReactDOM là gì? Tại sao phải sử dụng?', 59, N'https://www.youtube.com/watch?v=x0fSBAgBrOQ', N'', 5)
insert into Lesson (lessonName, chapterID, videoUrl, content, position) values (N'Sử dụng ReactDOM phiên bản 18', 59, N'https://www.youtube.com/watch?v=x0fSBAgBrOQ', N'', 6)
insert into Chapter (chapterName, courseID, position) values (N'JSX, Components, Props', 7, 4)
insert into Lesson (lessonName, chapterID, videoUrl, content, position) values (N'JSX là gì? Tại sao cần JSX?', 60, N'https://www.youtube.com/watch?v=x0fSBAgBrOQ', N'', 1)
insert into Lesson (lessonName, chapterID, videoUrl, content, position) values (N'JSX render Arrays | JSX FQA', 60, N'https://www.youtube.com/watch?v=x0fSBAgBrOQ', N'', 2)
insert into Lesson (lessonName, chapterID, videoUrl, content, position) values (N'React element types', 60, N'https://www.youtube.com/watch?v=x0fSBAgBrOQ', N'', 3)
insert into Lesson (lessonName, chapterID, videoUrl, content, position) values (N'Props là gì? Dùng props khi nào?', 60, N'https://www.youtube.com/watch?v=x0fSBAgBrOQ', N'', 4)
insert into Lesson (lessonName, chapterID, videoUrl, content, position) values (N'DOM events?', 60, N'https://www.youtube.com/watch?v=x0fSBAgBrOQ', N'', 5)
insert into Lesson (lessonName, chapterID, videoUrl, content, position) values (N'Quy ước đặt tên components?', 60, N'https://www.youtube.com/watch?v=x0fSBAgBrOQ', N'', 6)
insert into Lesson (lessonName, chapterID, videoUrl, content, position) values (N'Children props? Render props?', 60, N'https://www.youtube.com/watch?v=x0fSBAgBrOQ', N'', 7)
insert into Chapter (chapterName, courseID, position) values (N'Create React App', 7, 5)
insert into Lesson (lessonName, chapterID, videoUrl, content, position) values (N'NodeJS là gì? Tại sao phải sử dụng NodeJS?', 61, N'https://www.youtube.com/watch?v=x0fSBAgBrOQ', N'', 1)
insert into Lesson (lessonName, chapterID, videoUrl, content, position) values (N'Lưu ý: Sử dụng React & React-DOM 17 ở bài sau', 61, N'https://www.youtube.com/watch?v=x0fSBAgBrOQ', N'', 2)
insert into Lesson (lessonName, chapterID, videoUrl, content, position) values (N'Tạo dự án với React + Webpack', 61, N'https://www.youtube.com/watch?v=x0fSBAgBrOQ', N'', 3)
insert into Lesson (lessonName, chapterID, videoUrl, content, position) values (N'Nâng cấp React & ReactDOM lên 18', 61, N'https://www.youtube.com/watch?v=x0fSBAgBrOQ', N'', 4)
insert into Lesson (lessonName, chapterID, videoUrl, content, position) values (N'Tạo dự án với create-react-app', 61, N'https://www.youtube.com/watch?v=x0fSBAgBrOQ', N'', 5)
insert into Lesson (lessonName, chapterID, videoUrl, content, position) values (N'NPM, NPX và YARN là gì?', 61, N'https://www.youtube.com/watch?v=x0fSBAgBrOQ', N'', 6)
insert into Lesson (lessonName, chapterID, videoUrl, content, position) values (N'CRA Folder Structure', 61, N'https://www.youtube.com/watch?v=x0fSBAgBrOQ', N'', 7)
insert into Chapter (chapterName, courseID, position) values (N'Hooks', 7, 6)
insert into Lesson (lessonName, chapterID, videoUrl, content, position) values (N'Hooks là gì?', 62, N'https://www.youtube.com/watch?v=x0fSBAgBrOQ', N'', 1)
insert into Lesson (lessonName, chapterID, videoUrl, content, position) values (N'useState hook', 62, N'https://www.youtube.com/watch?v=x0fSBAgBrOQ', N'', 2)
insert into Lesson (lessonName, chapterID, videoUrl, content, position) values (N'Two-way binding trong React?', 62, N'https://www.youtube.com/watch?v=x0fSBAgBrOQ', N'', 3)
insert into Lesson (lessonName, chapterID, videoUrl, content, position) values (N'Todolist with useState', 62, N'https://www.youtube.com/watch?v=x0fSBAgBrOQ', N'', 4)
insert into Lesson (lessonName, chapterID, videoUrl, content, position) values (N'Mounted & Unmounted?', 62, N'https://www.youtube.com/watch?v=x0fSBAgBrOQ', N'', 5)
insert into Lesson (lessonName, chapterID, videoUrl, content, position) values (N'useEffect hook', 62, N'https://www.youtube.com/watch?v=x0fSBAgBrOQ', N'', 6)
insert into Lesson (lessonName, chapterID, videoUrl, content, position) values (N'useEffect with dependencies', 62, N'https://www.youtube.com/watch?v=x0fSBAgBrOQ', N'', 7)
insert into Lesson (lessonName, chapterID, videoUrl, content, position) values (N'useEffect with DOM events', 62, N'https://www.youtube.com/watch?v=x0fSBAgBrOQ', N'', 8)
insert into Lesson (lessonName, chapterID, videoUrl, content, position) values (N'useEffect with timer functions', 62, N'https://www.youtube.com/watch?v=x0fSBAgBrOQ', N'', 9)
insert into Lesson (lessonName, chapterID, videoUrl, content, position) values (N'useEffect with preview avatar', 62, N'https://www.youtube.com/watch?v=x0fSBAgBrOQ', N'', 10)
insert into Lesson (lessonName, chapterID, videoUrl, content, position) values (N'useEffect with fake Chat App', 62, N'https://www.youtube.com/watch?v=x0fSBAgBrOQ', N'', 11)
insert into Lesson (lessonName, chapterID, videoUrl, content, position) values (N'useLayoutEffect hook', 62, N'https://www.youtube.com/watch?v=x0fSBAgBrOQ', N'', 12)
insert into Lesson (lessonName, chapterID, videoUrl, content, position) values (N'useRef hook', 62, N'https://www.youtube.com/watch?v=x0fSBAgBrOQ', N'', 13)
insert into Lesson (lessonName, chapterID, videoUrl, content, position) values (N'React.memo HOC', 62, N'https://www.youtube.com/watch?v=x0fSBAgBrOQ', N'', 14)
insert into Lesson (lessonName, chapterID, videoUrl, content, position) values (N'useCallback hook', 62, N'https://www.youtube.com/watch?v=x0fSBAgBrOQ', N'', 15)
insert into Lesson (lessonName, chapterID, videoUrl, content, position) values (N'useMemo hook', 62, N'https://www.youtube.com/watch?v=x0fSBAgBrOQ', N'', 16)
insert into Lesson (lessonName, chapterID, videoUrl, content, position) values (N'useReducer hook', 62, N'https://www.youtube.com/watch?v=x0fSBAgBrOQ', N'', 17)
insert into Lesson (lessonName, chapterID, videoUrl, content, position) values (N'Todo App with useReducer hook', 62, N'https://www.youtube.com/watch?v=x0fSBAgBrOQ', N'', 18)
insert into Lesson (lessonName, chapterID, videoUrl, content, position) values (N'useReducer recap', 62, N'https://www.youtube.com/watch?v=x0fSBAgBrOQ', N'', 19)
insert into Lesson (lessonName, chapterID, videoUrl, content, position) values (N'useContext hook', 62, N'https://www.youtube.com/watch?v=x0fSBAgBrOQ', N'', 20)
insert into Lesson (lessonName, chapterID, videoUrl, content, position) values (N'Context + useReducer', 62, N'https://www.youtube.com/watch?v=x0fSBAgBrOQ', N'', 21)
insert into Lesson (lessonName, chapterID, videoUrl, content, position) values (N'useImperativeHandle hook', 62, N'https://www.youtube.com/watch?v=x0fSBAgBrOQ', N'', 22)
insert into Chapter (chapterName, courseID, position) values (N'CSS, SCSS và CSS modules', 7, 7)
insert into Lesson (lessonName, chapterID, videoUrl, content, position) values (N'Sử dụng CSS', 63, N'https://www.youtube.com/watch?v=x0fSBAgBrOQ', N'', 1)
insert into Lesson (lessonName, chapterID, videoUrl, content, position) values (N'CSS module', 63, N'https://www.youtube.com/watch?v=x0fSBAgBrOQ', N'', 2)
insert into Lesson (lessonName, chapterID, videoUrl, content, position) values (N'Thư viện clsx và classnames', 63, N'https://www.youtube.com/watch?v=x0fSBAgBrOQ', N'', 3)
insert into Lesson (lessonName, chapterID, videoUrl, content, position) values (N'Install SASS để dùng SCSS?', 63, N'https://www.youtube.com/watch?v=x0fSBAgBrOQ', N'', 4)
insert into Chapter (chapterName, courseID, position) values (N'React Router V6', 7, 8)
insert into Lesson (lessonName, chapterID, videoUrl, content, position) values (N'Cài đặt và tạo router', 64, N'https://www.youtube.com/watch?v=x0fSBAgBrOQ', N'', 1)
insert into Chapter (chapterName, courseID, position) values (N'Dựng base dự án Tiktok', 7, 9)
insert into Lesson (lessonName, chapterID, videoUrl, content, position) values (N'Giới thiệu dự án Tiktok', 65, N'https://www.youtube.com/watch?v=x0fSBAgBrOQ', N'', 1)
insert into Lesson (lessonName, chapterID, videoUrl, content, position) values (N'Tạo dự án và đẩy lên Github', 65, N'https://www.youtube.com/watch?v=x0fSBAgBrOQ', N'', 2)
insert into Lesson (lessonName, chapterID, videoUrl, content, position) values (N'Cài đặt customize-cra', 65, N'https://www.youtube.com/watch?v=x0fSBAgBrOQ', N'', 3)
insert into Lesson (lessonName, chapterID, videoUrl, content, position) values (N'Cài đặt babel-plugin-module-resolver', 65, N'https://www.youtube.com/watch?v=x0fSBAgBrOQ', N'', 4)
insert into Lesson (lessonName, chapterID, videoUrl, content, position) values (N'Cài đặt và cấu hình Prettier', 65, N'https://www.youtube.com/watch?v=x0fSBAgBrOQ', N'', 5)
insert into Lesson (lessonName, chapterID, videoUrl, content, position) values (N'Cấu hình sử dụng CSS/SASS', 65, N'https://www.youtube.com/watch?v=x0fSBAgBrOQ', N'', 6)
insert into Lesson (lessonName, chapterID, videoUrl, content, position) values (N'Cấu hình Router/Layout cho dự án', 65, N'https://www.youtube.com/watch?v=x0fSBAgBrOQ', N'', 7)
insert into Chapter (chapterName, courseID, position) values (N'Dựng layout Tiktok', 7, 10)
insert into Lesson (lessonName, chapterID, videoUrl, content, position) values (N'Dựng khung Layout mặc định', 66, N'https://www.youtube.com/watch?v=x0fSBAgBrOQ', N'', 1)
insert into Lesson (lessonName, chapterID, videoUrl, content, position) values (N'Xây dựng UI phần Header #1', 66, N'https://www.youtube.com/watch?v=x0fSBAgBrOQ', N'', 2)
insert into Lesson (lessonName, chapterID, videoUrl, content, position) values (N'Xây dựng UI phần Header #2', 66, N'https://www.youtube.com/watch?v=x0fSBAgBrOQ', N'', 3)
insert into Lesson (lessonName, chapterID, videoUrl, content, position) values (N'Xây dựng UI phần Header #3', 66, N'https://www.youtube.com/watch?v=x0fSBAgBrOQ', N'', 4)
insert into Lesson (lessonName, chapterID, videoUrl, content, position) values (N'Xây dựng UI phần Header #4', 66, N'https://www.youtube.com/watch?v=x0fSBAgBrOQ', N'', 5)
insert into Lesson (lessonName, chapterID, videoUrl, content, position) values (N'Xây dựng UI phần Header #5', 66, N'https://www.youtube.com/watch?v=x0fSBAgBrOQ', N'', 6)
insert into Lesson (lessonName, chapterID, videoUrl, content, position) values (N'Xây dựng UI phần Header #6', 66, N'https://www.youtube.com/watch?v=x0fSBAgBrOQ', N'', 7)
insert into Lesson (lessonName, chapterID, videoUrl, content, position) values (N'Xây dựng UI phần Header #7', 66, N'https://www.youtube.com/watch?v=x0fSBAgBrOQ', N'', 8)
insert into Lesson (lessonName, chapterID, videoUrl, content, position) values (N'Xây dựng Logic phần Header #1', 66, N'https://www.youtube.com/watch?v=x0fSBAgBrOQ', N'', 9)
insert into Lesson (lessonName, chapterID, videoUrl, content, position) values (N'Xây dựng Logic phần Header #2', 66, N'https://www.youtube.com/watch?v=x0fSBAgBrOQ', N'', 10)
insert into Lesson (lessonName, chapterID, videoUrl, content, position) values (N'Xây dựng Logic phần Header #3', 66, N'https://www.youtube.com/watch?v=x0fSBAgBrOQ', N'', 11)
insert into Chapter (chapterName, courseID, position) values (N'Xây dựng phần Authen', 7, 11)
insert into Chapter (chapterName, courseID, position) values (N'Xây dựng phần xem video', 7, 12)
insert into Chapter (chapterName, courseID, position) values (N'Dựng phần theo dõi & thả tim', 7, 13)
insert into Chapter (chapterName, courseID, position) values (N'Dựng phần tải lên video', 7, 14)
insert into Chapter (chapterName, courseID, position) values (N'Dựng phần bình luận', 7, 15)
insert into Chapter (chapterName, courseID, position) values (N'Dựng trang following', 7, 16)
insert into Chapter (chapterName, courseID, position) values (N'Dựng trang profile', 7, 17)
insert into Chapter (chapterName, courseID, position) values (N'Deploy dự án Tiktok', 7, 18)
insert into Lesson (lessonName, chapterID, videoUrl, content, position) values (N'Deploy lên Github page', 74, N'https://www.youtube.com/watch?v=x0fSBAgBrOQ', N'', 1)
insert into Chapter (chapterName, courseID, position) values (N'Hoàn thành khóa học', 7, 19)
insert into Chapter (chapterName, courseID, position) values (N'Bắt đầu', 8, 1)
insert into Lesson (lessonName, chapterID, videoUrl, content, position) values (N'Lời khuyên trước khóa học', 76, N'https://www.youtube.com/watch?v=z2f7RHgvddc', N'', 1)
insert into Lesson (lessonName, chapterID, videoUrl, content, position) values (N'HTTP protocol', 76, N'https://www.youtube.com/watch?v=z2f7RHgvddc', N'', 2)
insert into Lesson (lessonName, chapterID, videoUrl, content, position) values (N'SSR & CSR', 76, N'https://www.youtube.com/watch?v=z2f7RHgvddc', N'', 3)
insert into Lesson (lessonName, chapterID, videoUrl, content, position) values (N'Install Node', 76, N'https://www.youtube.com/watch?v=z2f7RHgvddc', N'', 4)
insert into Lesson (lessonName, chapterID, videoUrl, content, position) values (N'Install ExpressJS', 76, N'https://www.youtube.com/watch?v=z2f7RHgvddc', N'', 5)
insert into Lesson (lessonName, chapterID, videoUrl, content, position) values (N'Install Nodemon & inspector', 76, N'https://www.youtube.com/watch?v=z2f7RHgvddc', N'', 6)
insert into Lesson (lessonName, chapterID, videoUrl, content, position) values (N'Add git repo', 76, N'https://www.youtube.com/watch?v=z2f7RHgvddc', N'', 7)
insert into Lesson (lessonName, chapterID, videoUrl, content, position) values (N'Install Morgan', 76, N'https://www.youtube.com/watch?v=z2f7RHgvddc', N'', 8)
insert into Chapter (chapterName, courseID, position) values (N'Kiến thức cốt lõi', 8, 2)
insert into Lesson (lessonName, chapterID, videoUrl, content, position) values (N'Template engine (handlebars)', 77, N'https://www.youtube.com/watch?v=z2f7RHgvddc', N'', 1)
insert into Lesson (lessonName, chapterID, videoUrl, content, position) values (N'Static file & SCSS', 77, N'https://www.youtube.com/watch?v=z2f7RHgvddc', N'', 2)
insert into Lesson (lessonName, chapterID, videoUrl, content, position) values (N'Use Bootstrap', 77, N'https://www.youtube.com/watch?v=z2f7RHgvddc', N'', 3)
insert into Lesson (lessonName, chapterID, videoUrl, content, position) values (N'Basic routing', 77, N'https://www.youtube.com/watch?v=z2f7RHgvddc', N'', 4)
insert into Lesson (lessonName, chapterID, videoUrl, content, position) values (N'GET method', 77, N'https://www.youtube.com/watch?v=z2f7RHgvddc', N'', 5)
insert into Lesson (lessonName, chapterID, videoUrl, content, position) values (N'Query parameters', 77, N'https://www.youtube.com/watch?v=z2f7RHgvddc', N'', 6)
insert into Lesson (lessonName, chapterID, videoUrl, content, position) values (N'Form default behavior', 77, N'https://www.youtube.com/watch?v=z2f7RHgvddc', N'', 7)
insert into Lesson (lessonName, chapterID, videoUrl, content, position) values (N'POST method', 77, N'https://www.youtube.com/watch?v=z2f7RHgvddc', N'', 8)
insert into Chapter (chapterName, courseID, position) values (N'Xây dựng website', 8, 3)
insert into Lesson (lessonName, chapterID, videoUrl, content, position) values (N'Mô hình MVC', 78, N'https://www.youtube.com/watch?v=z2f7RHgvddc', N'', 1)
insert into Lesson (lessonName, chapterID, videoUrl, content, position) values (N'[MVC] Routes & Controllers', 78, N'https://www.youtube.com/watch?v=z2f7RHgvddc', N'', 2)
insert into Lesson (lessonName, chapterID, videoUrl, content, position) values (N'[Windows] Install MongoDB', 78, N'https://www.youtube.com/watch?v=z2f7RHgvddc', N'', 3)
insert into Lesson (lessonName, chapterID, videoUrl, content, position) values (N'[Ubuntu] Install MongoDB', 78, N'https://www.youtube.com/watch?v=z2f7RHgvddc', N'', 4)
insert into Lesson (lessonName, chapterID, videoUrl, content, position) values (N'[MacOS] Install MongoDB', 78, N'https://www.youtube.com/watch?v=z2f7RHgvddc', N'', 5)
insert into Lesson (lessonName, chapterID, videoUrl, content, position) values (N'Prettier - Code formatter', 78, N'https://www.youtube.com/watch?v=z2f7RHgvddc', N'', 6)
insert into Lesson (lessonName, chapterID, videoUrl, content, position) values (N'[MVC] Model', 78, N'https://www.youtube.com/watch?v=z2f7RHgvddc', N'', 7)
insert into Lesson (lessonName, chapterID, videoUrl, content, position) values (N'Install JSON viewer extension', 78, N'https://www.youtube.com/watch?v=z2f7RHgvddc', N'', 8)
insert into Lesson (lessonName, chapterID, videoUrl, content, position) values (N'[CRUD] Read from DB', 78, N'https://www.youtube.com/watch?v=z2f7RHgvddc', N'', 9)
insert into Lesson (lessonName, chapterID, videoUrl, content, position) values (N'Course detail page', 78, N'https://www.youtube.com/watch?v=z2f7RHgvddc', N'', 10)
insert into Lesson (lessonName, chapterID, videoUrl, content, position) values (N'[CRUD] Create new course', 78, N'https://www.youtube.com/watch?v=z2f7RHgvddc', N'', 11)
insert into Lesson (lessonName, chapterID, videoUrl, content, position) values (N'[CRUD] Update course', 78, N'https://www.youtube.com/watch?v=z2f7RHgvddc', N'', 12)
insert into Lesson (lessonName, chapterID, videoUrl, content, position) values (N'[CRUD] Delete course', 78, N'https://www.youtube.com/watch?v=z2f7RHgvddc', N'', 13)
insert into Lesson (lessonName, chapterID, videoUrl, content, position) values (N'Soft delete?', 78, N'https://www.youtube.com/watch?v=z2f7RHgvddc', N'', 14)
insert into Lesson (lessonName, chapterID, videoUrl, content, position) values (N'Deleted count documents', 78, N'https://www.youtube.com/watch?v=z2f7RHgvddc', N'', 15)
insert into Lesson (lessonName, chapterID, videoUrl, content, position) values (N'"Select all" with checkbox', 78, N'https://www.youtube.com/watch?v=z2f7RHgvddc', N'', 16)
insert into Lesson (lessonName, chapterID, videoUrl, content, position) values (N'Fix bug', 78, N'https://www.youtube.com/watch?v=z2f7RHgvddc', N'', 17)
insert into Lesson (lessonName, chapterID, videoUrl, content, position) values (N'Khái niệm middleware?', 78, N'https://www.youtube.com/watch?v=z2f7RHgvddc', N'', 18)
insert into Lesson (lessonName, chapterID, videoUrl, content, position) values (N'Sort middleware', 78, N'https://www.youtube.com/watch?v=z2f7RHgvddc', N'', 19)
insert into Lesson (lessonName, chapterID, videoUrl, content, position) values (N'Autoincrement _id field', 78, N'https://www.youtube.com/watch?v=z2f7RHgvddc', N'', 20)